opt / gold,opt / lp output,lp output / gold,highOrderOutput / gold,opt / highOrderOutput,lpOutput / highOrderOutput,projective,allSlk,alpha,trained on gold or higher order opt
0.873702335795568,0.8758734278299062,0.9909912158115393,0.9329456977440607,0.9079157516470353,0.9326212816929527,nonProj,True,5.0,gold
0.8774455979237372,0.8817877819924137,0.9909912158115393,0.9329456977440607,0.9107107207027351,0.9326212816929527,proj,True,5.0,gold
