opt / gold,opt / lp output,lp output / gold,highOrderOutput / gold,opt / highOrderOutput,lpOutput / highOrderOutput,projective,allSlk,alpha,trained on gold or higher order opt
0.873702335795568,0.8833599520862447,0.9814084647634258,0.9329456977440607,0.9079157516470353,0.9356907566380515,nonProj,True,3.0,gold
0.8774455979237372,0.8893491714913156,0.9814084647634258,0.9329456977440607,0.9106857656218806,0.9356907566380515,proj,True,3.0,gold
