opt / gold,opt / lp output,lp output / gold,highOrderOutput / gold,opt / highOrderOutput,lpOutput / highOrderOutput,projective,allSlk,alpha,trained on gold or higher order opt
0.8735775603912956,0.9205430225593931,0.9357406667997604,0.9329456977440607,0.9078658414853265,0.9360151726891595,nonProj,True,1.0,gold
0.8773707326811739,0.9285536035136753,0.9357406667997604,0.9329456977440607,0.9106608105410261,0.9360151726891595,proj,True,1.0,gold
