inferenceType,num inference / gold,num inference / opt,average time
projInference,0.919345178678379,0.982656218806149,0.000185465436814809
minLoss,0.891370533040527,0.9622180075863446,0.0008697900708804528
nonProj,0.9152275903373926,0.9998003593531644,0.0004320741966170078
