inferenceType,num inference / gold,num inference / opt,average time
minLoss,0.8900192948605508,0.9615606284611722,0.0003423559021251364
