inferenceType,num inference / gold,num inference / opt,average time
minLoss,0.8902265404500836,0.9609111571796088,0.0003795765630972724
