inferenceType,num inference / gold,num inference / opt,average time
minLoss,0.7241459327059431,0.7452623436895707,0.032165438642541566
