inferenceType,num inference / gold,num inference / opt,average time
projInference,0.919345178678379,0.982656218806149,0.0001945100170269812
2SidedMinLoss,0.804127570373328,0.8641944499900179,0.0001134761688980455
minLoss,0.891370533040527,0.9622180075863446,0.0008816412596151913
nonProj,0.9152275903373926,0.9998003593531644,0.00044439118851732386
