inferenceType,num inference / gold,num inference / opt,average time
minLoss,0.8904298195108519,0.9611485217913736,0.00019676650281538486
