inferenceType,num inference / gold,num inference / opt,average time
minLoss,0.8910402524860356,0.9622272875284924,0.000373579001441048
