opt / gold,opt / lp output,lp output / gold,highOrderOutput / gold,opt / highOrderOutput,lpOutput / highOrderOutput,projective inference,allSlk,alpha,trained on gold or higher order opt,projective ILP formulation
0.915676781792773,0.9810590936314634,0.9164254342184068,0.915402275903374,0.9976542223996806,0.978987821920543,nonProj,True,0.0,gold,True
0.919345178678379,0.996705929327211,0.9164254342184068,0.915402275903374,0.9821820722699142,0.978987821920543,projInference,True,0.0,gold,True
0.8619984028748253,0.9139798362946696,0.9164254342184068,0.915402275903374,0.9270063885006987,0.978987821920543,minLoss,True,0.0,gold,True
