opt / gold,opt / lp output,lp output / gold,highOrderOutput / gold,opt / highOrderOutput,lpOutput / highOrderOutput,projective inference,allSlk,alpha,trained on gold or higher order opt,projective ILP formulation
0.872030345378319,0.9805350369335196,0.8709073667398682,0.9329456977440607,0.9067179077660211,0.9046715911359553,nonProj,True,0.0,gold,True
0.8742513475743662,0.9956827710121781,0.8709073667398682,0.9329456977440607,0.9081902575364345,0.9046715911359553,projInference,True,0.0,gold,True
0.7466809742463566,0.8050758634457975,0.8709073667398682,0.9329456977440607,0.7694400079856258,0.9046715911359553,minLoss,True,0.0,gold,True
