proj inference,allSlk,opt / gold,opt / lp_output,lp_output / gold,highOrderOutput / gold,opt / highOrderOutput,lpOutput / highOrderOutput
nonProj,True,0.8340070474775142,0.9969655256421047,0.8345049258426497,0.9399788408470351,0.8822161270296064,0.8826930033780235
proj,True,0.8341887880273002,0.9971482316071755,0.8345049258426497,0.9399788408470351,0.8824078435373338,0.8826930033780235
