proj inference,allSlk,opt / gold,opt / lp_output,lp_output / gold,highOrderOutput / gold,opt / highOrderOutput,lpOutput / highOrderOutput
nonProj,True,0.8844231337862344,0.9246695126755917,0.9394867629954848,0.9379684973437095,0.9137831299656431,0.9374963480387875
proj,True,0.887795897600508,0.9325916362854214,0.9394867629954848,0.9379684973437095,0.916318892558541,0.9374963480387875
