proj inference,allSlk,opt / gold,opt / lp_output,lp_output / gold,highOrderOutput / gold,opt / highOrderOutput,lpOutput / highOrderOutput
nonProj,False,0.86703941206899,0.9258344031475358,0.9024449162661694,0.9399788408470351,0.895725964327357,0.9464692343303639
proj,False,0.8742422110406001,0.9392766337215149,0.9024449162661694,0.9399788408470351,0.9025291623522458,0.9464692343303639
