opt / gold,opt / lp output,lp output / gold,highOrderOutput / gold,opt / highOrderOutput,lpOutput / highOrderOutput,projective,allSlk,alpha,trained on gold or higher order opt
0.873652425633859,0.9398582551407466,0.9303254142543422,0.9329456977440607,0.9078907965661809,0.9342433619484927,nonProj,True,1.0,gold
0.8771710920343382,0.9364643641445398,0.9303254142543422,0.9329456977440607,0.9103863046516271,0.9342433619484927,proj,True,1.0,gold
