opt / gold,opt / lp output,lp output / gold,highOrderOutput / gold,opt / highOrderOutput,lpOutput / highOrderOutput,projective,allSlk,alpha,trained on gold or higher order opt
0.8737272908764224,0.8780944300259533,0.9949091635056898,0.9329456977440607,0.9079157516470353,0.935341385506089,nonProj,True,5.0,gold
0.8774455979237372,0.881538231183869,0.9949091635056898,0.9329456977440607,0.9106857656218806,0.935341385506089,proj,True,5.0,gold
