opt / gold,opt / lp output,lp output / gold,highOrderOutput / gold,opt / highOrderOutput,lpOutput / highOrderOutput,projective,allSlk,alpha,trained on gold or higher order opt
0.8737272908764224,0.8903723298063486,0.9822070273507686,0.9329456977440607,0.9079656618087443,0.939334198442803,nonProj,True,3.0,gold
0.8773707326811739,0.8934917149131563,0.9822070273507686,0.9329456977440607,0.9106608105410261,0.939334198442803,proj,True,3.0,gold
