opt / gold,opt / lp output,lp output / gold,highOrderOutput / gold,opt / highOrderOutput,lpOutput / highOrderOutput,projective,allSlk,alpha,trained on gold or higher order opt
0.8719554801357556,0.9800359353164304,0.86711419444999,0.9329456977440607,0.9067179077660211,0.9008285086843681,nonProj,True,0.0,gold
0.8755739668596526,0.9633908963865043,0.86711419444999,0.9329456977440607,0.9092633260131763,0.9008285086843681,proj,True,0.0,gold
