opt / gold,opt / lp output,lp output / gold,highOrderOutput / gold,opt / highOrderOutput,lpOutput / highOrderOutput,projective,allSlk,alpha,trained on gold or higher order opt
0.873328009582751,0.9474445997205031,0.9060191655020963,0.9329456977440607,0.9082651227789978,0.9585496107007386,nonProj,True,1.0,highOrderOpt
0.8768965861449391,0.9430525054901178,0.9060191655020963,0.9329456977440607,0.9107356757835895,0.9585496107007386,proj,True,1.0,highOrderOpt
