proj inference,allSlk,opt / gold,opt / lp_output,lp_output / gold,highOrderOutput / gold,opt / highOrderOutput,lpOutput / highOrderOutput
nonProj,False,0.6570336446882405,0.9121569298051421,0.6978452636657562,0.9223238130415512,0.6762585442549569,0.7215047408979601
proj,False,0.6729011952657835,0.9552722095001518,0.6978452636657562,0.9223238130415512,0.692669324124846,0.7215047408979601
