proj inference,allSlk,opt / gold,opt / lp_output,lp_output / gold,highOrderOutput / gold,opt / highOrderOutput,lpOutput / highOrderOutput
nonProj,True,0.732253294351245,0.9271652991451417,0.7903930892288323,0.9468713482130052,0.734971035005993,0.7877161905930254
proj,True,0.7449701142531961,0.948159615004253,0.7903930892288323,0.9468713482130052,0.7476087183586559,0.7877161905930254
