proj inference,allSlk,opt / gold,opt / lp_output,lp_output / gold,highOrderOutput / gold,opt / highOrderOutput,lpOutput / highOrderOutput
nonProj,False,0.6619681244927076,0.9135607345518301,0.7067476862227481,0.9223238130415512,0.6703265617650046,0.711179953228518
proj,False,0.6781173425685698,0.9572200422512475,0.7067476862227481,0.9223238130415512,0.6860639099604247,0.711179953228518
