proj inference,allSlk,opt / gold,opt / lp_output,lp_output / gold,highOrderOutput / gold,opt / highOrderOutput,lpOutput / highOrderOutput
nonProj,True,0.6887978546704023,0.9182716739204154,0.7535251215576827,0.9223238130415512,0.6954343297454609,0.7517919995583046
proj,True,0.7030519175816422,0.9434065589675243,0.7535251215576827,0.9223238130415512,0.7091988403381985,0.7517919995583046
