proj inference,allSlk,opt / gold,opt / lp_output,lp_output / gold,highOrderOutput / gold,opt / highOrderOutput,lpOutput / highOrderOutput
nonProj,True,0.8818046916405671,0.996298029357563,0.8822486544730401,0.9399788408470351,0.8360682369605984,0.8363494961079845
proj,True,0.8820977527693469,0.996601066444284,0.8822486544730401,0.9399788408470351,0.8363513221314367,0.8363494961079845
