proj inference,allSlk,opt / gold,opt / lp_output,lp_output / gold,highOrderOutput / gold,opt / highOrderOutput,lpOutput / highOrderOutput
nonProj,False,0.8813653625060596,0.9963899780873747,0.8805081973664153,0.9399788408470351,0.8352730056745321,0.8345069583469761
proj,False,0.8815203937676636,0.99655498530692,0.8805081973664153,0.9399788408470351,0.8354330249151066,0.8345069583469761
