proj inference,allSlk,opt / gold,opt / lp_output,lp_output / gold,highOrderOutput / gold,opt / highOrderOutput,lpOutput / highOrderOutput
nonProj,False,0.6975756561462363,0.9201559132654217,0.7418707991237613,0.9468713482130052,0.7017144791600998,0.7427684240371654
proj,False,0.7118122515184853,0.9567646133865698,0.7418707991237613,0.9468713482130052,0.7160777489682387,0.7427684240371654
