proj inference,allSlk,opt / gold,opt / lp_output,lp_output / gold,highOrderOutput / gold,opt / highOrderOutput,lpOutput / highOrderOutput
nonProj,True,0.6821118411350862,0.918210423653586,0.739860301268947,0.9223238130415512,0.7041370620455164,0.7703271378195099
proj,True,0.6953547238729365,0.9427068229885408,0.739860301268947,0.9223238130415512,0.7185444538640504,0.7703271378195099
