proj inference,allSlk,opt / gold,opt / lp_output,lp_output / gold,highOrderOutput / gold,opt / highOrderOutput,lpOutput / highOrderOutput
nonProj,True,0.8840412935939596,0.9287659081932521,0.913262457675887,0.9379684973437095,0.9143124143794412,0.9634496202307475
proj,True,0.8873780346124881,0.93679907705463,0.913262457675887,0.9379684973437095,0.9168014005432085,0.9634496202307475
