proj inference,allSlk,opt / gold,opt / lp_output,lp_output / gold,highOrderOutput / gold,opt / highOrderOutput,lpOutput / highOrderOutput
nonProj,True,0.8838156880882185,0.9244990359025873,0.9405372530819842,0.9399788408470351,0.9145237860583924,0.9395836873061758
proj,True,0.8870317231280914,0.9308127342274476,0.9405372530819842,0.9399788408470351,0.9165127292583916,0.9395836873061758
