proj inference,allSlk,opt / gold,opt / lp_output,lp_output / gold,highOrderOutput / gold,opt / highOrderOutput,lpOutput / highOrderOutput
nonProj,False,0.8681573944041353,0.9230257561053168,0.9219120207975239,0.9379684973437095,0.8971946816225045,0.9251672797879222
proj,False,0.8751345801009596,0.9373517834890887,0.9219120207975239,0.9379684973437095,0.903878697943518,0.9251672797879222
