proj inference,allSlk,opt / gold,opt / lp_output,lp_output / gold,highOrderOutput / gold,opt / highOrderOutput,lpOutput / highOrderOutput
nonProj,True,0.883506750844775,0.9300544765840371,0.9168077598298745,0.9399788408470351,0.9148842002818013,0.9651320073862151
proj,True,0.8867364404077256,0.9372441277913068,0.9168077598298745,0.9399788408470351,0.9169136443511268,0.9651320073862151
