proj inference,allSlk,opt / gold,opt / lp_output,lp_output / gold,highOrderOutput / gold,opt / highOrderOutput,lpOutput / highOrderOutput
nonProj,False,0.8671998308341096,0.9215518997653903,0.9214105294395674,0.9399788408470351,0.8955361164863105,0.9253498514223597
proj,False,0.8743642857566999,0.9343592953239988,0.9214105294395674,0.9399788408470351,0.902377658560219,0.9253498514223597
