proj inference,allSlk,opt / gold,opt / lp_output,lp_output / gold,highOrderOutput / gold,opt / highOrderOutput,lpOutput / highOrderOutput
nonProj,False,0.8340700868571648,0.9962164484386499,0.8335861964175604,0.9399788408470351,0.8817139881063942,0.8810605210706973
proj,False,0.8342566738593266,0.996413011398753,0.8335861964175604,0.9399788408470351,0.8819055630875268,0.8810605210706973
