proj inference,allSlk,opt / gold,opt / lp_output,lp_output / gold,highOrderOutput / gold,opt / highOrderOutput,lpOutput / highOrderOutput
nonProj,False,0.868008435166755,0.9266039814830418,0.9007551888018337,0.9379684973437095,0.8973102815804455,0.9466319685570816
proj,False,0.8750510818305748,0.9413292900653354,0.9007551888018337,0.9379684973437095,0.9039904920312847,0.9466319685570816
